"diagnosis","radius_worst_category","count","proportion"
"B","Large",1,0.00175746924428822
"B","Medium",214,0.37609841827768
"B","Small",142,0.249560632688928
"M","Large",141,0.24780316344464
"M","Medium",70,0.123022847100176
"M","Small",1,0.00175746924428822
